10020	FAIL	(Anti-clickjacking header — frame-ancestors / X-Frame-Options, STORY-031)
10021	FAIL	(X-Content-Type-Options header missing)
10038	FAIL	(Content Security Policy header not set)
10055	WARN	(CSP: directive or wildcard findings — reviewed, see STORY-031)
10035	WARN	(Strict-Transport-Security — sent only over https, which this stack has no terminator for)
10036	FAIL	(Server leaks version information via the Server header)
10037	FAIL	(Server leaks information via X-Powered-By)
10096	WARN	(Timestamp disclosure — the product shows timestamps on purpose)
10027	WARN	(Information disclosure: suspicious comments in the built JavaScript)
10109	WARN	(Modern web application — informational)
90004	WARN	(Cross-Origin-Resource-Policy / isolation headers — informational for a same-origin app)
